{"cameraMode":{"drawMode":0,"name":"Shaded","section":"Shading Mode"},"sceneLighting":true,"audioPlay":false,"sceneViewState":{"showFog":true,"showMaterialUpdate":false,"showSkybox":true,"showFlares":true,"showImageEffects":true,"showParticleSystems":true},"in2DMode":false,"pivot":{"x":310.8722839355469,"y":207.62916564941407,"z":129.46649169921876},"rotation":{"x":0.0007608702871948481,"y":0.9988358020782471,"z":-0.045287612825632098,"w":0.01678260788321495},"size":429.24481201171877,"orthographic":false}